{
  "hash": "1fca7647",
  "configHash": "81ad5428",
  "lockfileHash": "e445d5d0",
  "browserHash": "2bdd0c41",
  "optimized": {
    "@angular/common": {
      "src": "../../../../../../node_modules/@angular/common/fesm2022/common.mjs",
      "file": "@angular_common.js",
      "fileHash": "747ab345",
      "needsInterop": false
    },
    "@angular/common/http": {
      "src": "../../../../../../node_modules/@angular/common/fesm2022/http.mjs",
      "file": "@angular_common_http.js",
      "fileHash": "7525f032",
      "needsInterop": false
    },
    "@angular/core": {
      "src": "../../../../../../node_modules/@angular/core/fesm2022/core.mjs",
      "file": "@angular_core.js",
      "fileHash": "c00548b8",
      "needsInterop": false
    },
    "@angular/forms": {
      "src": "../../../../../../node_modules/@angular/forms/fesm2022/forms.mjs",
      "file": "@angular_forms.js",
      "fileHash": "ca6546c4",
      "needsInterop": false
    },
    "@angular/platform-browser": {
      "src": "../../../../../../node_modules/@angular/platform-browser/fesm2022/platform-browser.mjs",
      "file": "@angular_platform-browser.js",
      "fileHash": "d82a3636",
      "needsInterop": false
    },
    "@angular/router": {
      "src": "../../../../../../node_modules/@angular/router/fesm2022/router.mjs",
      "file": "@angular_router.js",
      "fileHash": "dfe68d0c",
      "needsInterop": false
    }
  },
  "chunks": {
    "chunk-HAVN6EWS": {
      "file": "chunk-HAVN6EWS.js"
    },
    "chunk-GDPJ4OBD": {
      "file": "chunk-GDPJ4OBD.js"
    },
    "chunk-RMLN52P2": {
      "file": "chunk-RMLN52P2.js"
    },
    "chunk-ZTNQHJPU": {
      "file": "chunk-ZTNQHJPU.js"
    },
    "chunk-MHQIP2VU": {
      "file": "chunk-MHQIP2VU.js"
    }
  }
}